{
  "config": {
    "adapter_residual_before_ln": false,
    "cross_adapter": false,
    "inv_adapter": null,
    "inv_adapter_reduction_factor": null,
    "leave_out": [],
    "ln_after": false,
    "ln_before": false,
    "mh_adapter": true,
    "non_linearity": "swish",
    "original_ln_after": true,
    "original_ln_before": false,
    "output_adapter": true,
    "reduction_factor": 16,
    "residual_before_ln": true
  },
  "config_id": "b1017368d7a97b11",
  "hidden_size": 768,
  "model_class": "XLMRobertaForQuestionAnswering",
  "model_name": null,
  "model_type": "xlm-roberta",
  "name": "pf_roberta_base"
}