{
  "config": {
    "adapter_residual_before_ln": false,
    "cross_adapter": false,
    "inv_adapter": "nice",
    "inv_adapter_reduction_factor": 2,
    "leave_out": [],
    "ln_after": false,
    "ln_before": false,
    "mh_adapter": false,
    "non_linearity": "relu",
    "original_ln_after": true,
    "original_ln_before": true,
    "output_adapter": true,
    "reduction_factor": 2,
    "residual_before_ln": true
  },
  "config_id": "16eaa0b5fae9ed68",
  "hidden_size": 768,
  "model_class": "XLMRobertaForQuestionAnswering",
  "model_name": null,
  "model_type": "xlm-roberta",
  "name": "pf_language_roberta_base"
}