{"bos_token": "<s>", "eos_token": "</s>", "sep_token": "</s>", "cls_token": "<s>", "unk_token": "<unk>", "pad_token": "<pad>", "mask_token": {"content": "<mask>", "single_word": false, "lstrip": true, "rstrip": false, "normalized": true, "__type": "AddedToken"}, "do_lower_case": false, "model_max_length": 512, "full_tokenizer_file": null, "special_tokens_map_file": "/root/.cache/huggingface/transformers/b285d730ad6193f7e96b41152fbc5fb05620f0961f6f513e2d36868dfb1eb2a7.0dc5b1041f62041ebbd23b1297f2f573769d5c97d8b7c28180ec86b8f6185aa8", "name_or_path": "../input/xlmrobertabasegerman", "sp_model_kwargs": {}, "tokenizer_class": "XLMRobertaTokenizer"}